191026_165046_0000833785.JPEG;20
191026_202148_0000838633.JPEG;20
191026_202219_0000838645.JPEG;20
191026_202235_0000838651.JPEG;20
191026_202425_0000838693.JPEG;20
191026_202440_0000838699.JPEG;20
191026_203852_0000839025.JPEG;20
191026_203907_0000839031.JPEG;20
191026_204026_0000839061.JPEG;20
191026_204405_0000839145.JPEG;20
191026_204437_0000839157.JPEG;20
191026_204452_0000839163.JPEG;20
191026_204824_0000839244.JPEG;20
191026_215331_0000840740.JPEG;20
191026_215431_0000840763.JPEG;20
191026_215544_0000840791.JPEG;20
191026_220119_0000840919.JPEG;20
191026_220126_0000840922.JPEG;20
191026_220153_0000840932.JPEG;20
191026_220234_0000840948.JPEG;20
191026_220242_0000840951.JPEG;20
191026_220308_0000840961.JPEG;20
191026_220316_0000840964.JPEG;20
191026_220332_0000840970.JPEG;20
191026_220340_0000840973.JPEG;20
191026_220506_0000841006.JPEG;20
191026_220514_0000841009.JPEG;20
191026_220521_0000841012.JPEG;20
191026_220548_0000841022.JPEG;20
191026_220611_0000841031.JPEG;20
191026_220637_0000841041.JPEG;20
191026_220645_0000841044.JPEG;20
191026_220653_0000841047.JPEG;20
191026_220727_0000841060.JPEG;20
191026_220743_0000841066.JPEG;20
191026_220750_0000841069.JPEG;20
191026_220801_0000841073.JPEG;20
191026_220932_0000841108.JPEG;20
191026_220940_0000841111.JPEG;20
191026_220948_0000841114.JPEG;20
191026_220956_0000841117.JPEG;20
191026_221014_0000841124.JPEG;20
191026_221022_0000841127.JPEG;20
191026_221030_0000841130.JPEG;20
191026_221119_0000841149.JPEG;20
191026_221127_0000841152.JPEG;20
191026_221145_0000841159.JPEG;20
191026_221153_0000841162.JPEG;20
191026_221201_0000841165.JPEG;20
191026_221209_0000841168.JPEG;20
191026_221219_0000841172.JPEG;20
191026_221227_0000841175.JPEG;20
191026_221235_0000841178.JPEG;20
191026_221251_0000841184.JPEG;20
191026_221309_0000841191.JPEG;20
191026_221317_0000841194.JPEG;20
191026_221406_0000841213.JPEG;20
191026_221414_0000841216.JPEG;20
191026_221425_0000841220.JPEG;20
191026_221433_0000841223.JPEG;20
191026_221440_0000841226.JPEG;20
191026_223221_0000841632.JPEG;20
191026_224604_0000841947.JPEG;20
191027_060322_0000851993.JPEG;20
191027_060817_0000852106.JPEG;20
191027_061159_0000852191.JPEG;20
191027_083154_0000855405.JPEG;20
191027_084924_0000855807.JPEG;20
191027_090117_0000856080.JPEG;20